condition,question_id,evidence_atom_coverage,retrieved,fca_derived_share
direct,nrel_01,1.0,14,0.0
direct,nrel_02,0.333,14,0.0
direct,nrel_03,0.0,13,0.0
direct,nrel_04,1.0,16,0.0
direct,nrel_05,1.0,16,0.0
direct,nrel_06,1.0,16,0.0
direct,nrel_07,1.0,16,0.0
direct,nrel_08,0.667,15,0.0
direct,nrel_09,0.8,16,0.0
direct,nrel_10,0.0,12,0.0
direct,nrel_11,0.0,0,0.0
direct,nrel_12,0.667,16,0.0
direct,nrel_13,1.0,16,0.0
direct,nrel_14,0.5,14,0.0
direct,nrel_15,1.0,16,0.0
direct,nrel_16,0.0,16,0.0
direct,check_01,1.0,16,0.0
direct,check_02,1.0,12,0.0
direct,check_03,0.333,15,0.0
direct,check_04,1.0,13,0.0
direct,check_05,0.667,14,0.0
direct,check_06,1.0,16,0.0
direct,check_07,0.0,15,0.0
direct,check_08,1.0,16,0.0
direct,check_09,0.0,10,0.0
direct,check_10,0.5,15,0.0
direct,check_11,1.0,16,0.0
direct,check_12,1.0,4,0.0
direct,check_13,1.0,16,0.0
direct,check_14,0.333,8,0.0
direct,check_15,0.0,16,0.0
direct,check_16,0.0,16,0.0
direct,check_17,1.0,16,0.0
direct,check_18,0.0,15,0.0
fca_full,nrel_01,1.0,16,0.5
fca_full,nrel_02,0.333,16,0.438
fca_full,nrel_03,0.0,16,0.5
fca_full,nrel_04,1.0,16,0.312
fca_full,nrel_05,1.0,16,0.5
fca_full,nrel_06,1.0,16,0.312
fca_full,nrel_07,1.0,16,0.188
fca_full,nrel_08,0.333,16,0.625
fca_full,nrel_09,0.8,16,0.625
fca_full,nrel_10,0.0,16,0.25
fca_full,nrel_11,0.0,0,0.0
fca_full,nrel_12,0.667,16,0.625
fca_full,nrel_13,1.0,16,0.438
fca_full,nrel_14,0.5,16,0.625
fca_full,nrel_15,1.0,16,0.312
fca_full,nrel_16,0.0,16,0.312
fca_full,check_01,1.0,16,0.5
fca_full,check_02,1.0,16,0.25
fca_full,check_03,0.333,16,0.562
fca_full,check_04,1.0,16,0.375
fca_full,check_05,0.667,16,0.438
fca_full,check_06,1.0,16,0.438
fca_full,check_07,0.0,16,0.188
fca_full,check_08,1.0,16,0.375
fca_full,check_09,0.0,13,0.231
fca_full,check_10,0.5,16,0.5
fca_full,check_11,1.0,16,0.5
fca_full,check_12,1.0,13,0.692
fca_full,check_13,1.0,16,0.562
fca_full,check_14,0.333,16,0.5
fca_full,check_15,0.0,16,0.562
fca_full,check_16,0.0,16,0.625
fca_full,check_17,1.0,16,0.562
fca_full,check_18,0.0,16,0.25
fca_without_broad,nrel_01,1.0,16,0.5
fca_without_broad,nrel_02,0.333,16,0.125
fca_without_broad,nrel_03,0.0,16,0.188
fca_without_broad,nrel_04,1.0,16,0.188
fca_without_broad,nrel_05,1.0,16,0.438
fca_without_broad,nrel_06,1.0,16,0.188
fca_without_broad,nrel_07,1.0,16,0.062
fca_without_broad,nrel_08,0.667,16,0.25
fca_without_broad,nrel_09,0.8,13,0.308
fca_without_broad,nrel_10,0.0,12,0.0
fca_without_broad,nrel_11,0.0,0,0.0
fca_without_broad,nrel_12,0.667,15,0.467
fca_without_broad,nrel_13,1.0,16,0.375
fca_without_broad,nrel_14,0.5,16,0.5
fca_without_broad,nrel_15,1.0,16,0.062
fca_without_broad,nrel_16,0.0,16,0.188
fca_without_broad,check_01,1.0,16,0.125
fca_without_broad,check_02,1.0,12,0.0
fca_without_broad,check_03,0.333,15,0.0
fca_without_broad,check_04,1.0,13,0.0
fca_without_broad,check_05,0.667,15,0.067
fca_without_broad,check_06,1.0,16,0.062
fca_without_broad,check_07,0.0,16,0.125
fca_without_broad,check_08,1.0,16,0.375
fca_without_broad,check_09,0.0,10,0.0
fca_without_broad,check_10,0.5,16,0.25
fca_without_broad,check_11,1.0,16,0.25
fca_without_broad,check_12,1.0,4,0.0
fca_without_broad,check_13,1.0,16,0.562
fca_without_broad,check_14,0.333,11,0.273
fca_without_broad,check_15,0.0,16,0.062
fca_without_broad,check_16,0.0,16,0.188
fca_without_broad,check_17,1.0,16,0.5
fca_without_broad,check_18,0.0,16,0.125
fca_only_broad,nrel_01,1.0,16,0.5
fca_only_broad,nrel_02,0.333,16,0.438
fca_only_broad,nrel_03,0.0,16,0.438
fca_only_broad,nrel_04,1.0,16,0.125
fca_only_broad,nrel_05,1.0,16,0.5
fca_only_broad,nrel_06,1.0,16,0.188
fca_only_broad,nrel_07,1.0,16,0.188
fca_only_broad,nrel_08,0.667,16,0.562
fca_only_broad,nrel_09,0.8,16,0.625
fca_only_broad,nrel_10,0.0,16,0.25
fca_only_broad,nrel_11,0.0,0,0.0
fca_only_broad,nrel_12,0.667,16,0.625
fca_only_broad,nrel_13,1.0,16,0.25
fca_only_broad,nrel_14,0.5,16,0.625
fca_only_broad,nrel_15,1.0,16,0.188
fca_only_broad,nrel_16,0.0,16,0.188
fca_only_broad,check_01,1.0,16,0.438
fca_only_broad,check_02,1.0,16,0.25
fca_only_broad,check_03,0.333,16,0.562
fca_only_broad,check_04,1.0,16,0.375
fca_only_broad,check_05,0.667,16,0.375
fca_only_broad,check_06,1.0,16,0.438
fca_only_broad,check_07,0.0,16,0.188
fca_only_broad,check_08,1.0,16,0.375
fca_only_broad,check_09,0.0,13,0.231
fca_only_broad,check_10,0.5,16,0.375
fca_only_broad,check_11,1.0,16,0.5
fca_only_broad,check_12,1.0,13,0.692
fca_only_broad,check_13,1.0,16,0.5
fca_only_broad,check_14,0.333,16,0.5
fca_only_broad,check_15,0.0,16,0.5
fca_only_broad,check_16,0.0,16,0.625
fca_only_broad,check_17,1.0,16,0.562
fca_only_broad,check_18,0.0,16,0.25
